3112314221311413321233124312432422241213144244314444423411434424314322122344121214322112123131324342113433124313124132143432414233243443423442111111111322321331332121434131343444333413132132343443321434311231422131141332123312431243242224121314424431444442341143442431432212234412,1.0
3112314221311413321232221432421221132412423314244423421141434424314322122344121214322112123131324342113433124313124132143432414233243443423442111112111322321331332121434131343444333413132132343443321434311231422131141332123222143242122113241242331424442342114143442431432212234412,0.6956521739130435
3112314221311413321232221432421221132412423314244423421141434424314322122344121214322112123131324342113433124313124132143432414233243443423442111111111322321331332121434131343444333413132132343443321434311231422131141332123222143242122113241242331424442342114143442431432212234412,0.6490683229813664
3112314221311413321232242442442213221433122144234444314421434424314322122344121214322112123131324342113433124313124132143432414233243443423442111111111322321331332121434131343444333413132132343443321434311231422131141332123224244244221322143312214423444431442143442431432212234412,0.6273291925465838
3112314221311413321231324221234142224424144132444234444231434424314322122344121214322112123131324342113433124313124132143432414233243443423442111111111322321331332121434131343444333413132132343443321434311231422131141332123132422123414222442414413244423444423143442431432212234412,0.6055900621118012
3112314221311413321233124312432422241213144244314444423411434424314322122344121214322112123131324342113433124313124132143432414233243443423442111112111322321331332121434131343444333413132132343443321434311231422131141332123312431243242224121314424431444442341143442431432212234412,0.5869565217391305
3112314221311413321233124312432422241213144244314444423411434424314322122344121214322112123131324342113433124313124132143432414233243443423442141111111322321331332121434131343444333413132132343443321434311231422131141332123312431243242224121314424431444442341143442431432212234412,0.562111801242236
3112314221311413321233222312214424134214422111331343431131123143442431432212234412121432211212313132434211343312431312413214343241423324344342344211111413223213313321214341313434443334131321323434433214343112314221311413321233222312214424134214422111331343431131123143442431432212234412,0.5590062111801242
3112314221311413321232242442442213221433122144234444314421434424314322122344121214322112123131324342113433124313124132143432414233243443423442111112111322321331332121434131343444333413132132343443321434311231422131141332123224244244221322143312214423444431442143442431432212234412,0.5403726708074534
3112314221311413321232221432421221132412423314244423421141434424314322122344121214322112123131324342113433124313124132143432414233243443423442141111111322321331332121434131343444333413132132343443321434311231422131141332123222143242122113241242331424442342114143442431432212234412,0.5062111801242236
3112314221311413321231324221234142224424144132444234444231434424314322122344121214322112123131324342113433124313124132143432414233243443423442111112111322321331332121434131343444333413132132343443321434311231422131141332123132422123414222442414413244423444423143442431432212234412,0.48757763975155277
3112314221311413321232242442442213221433122144234444314421434424314322122344121214322112123131324342113433124313124132143432414233243443423442141111111322321331332121434131343444333413132132343443321434311231422131141332123224244244221322143312214423444431442143442431432212234412,0.40062111801242234
3112314221311413321231324221234142224424144132444234444231434424314322122344121214322112123131324342113433124313124132143432414233243443423442141111111322321331332121434131343444333413132132343443321434311231422131141332123132422123414222442414413244423444423143442431432212234412,0.35093167701863354
3112314221311413321232221432421221132412423314244423421141434424314322122344121214322112123131324342113433124313124132143432414233243443423442441111111322321331332121434131343444333413132132343443321434311231422131141332123222143242122113241242331424442342114143442431432212234412,0.2919254658385093
3112314221311413321233124312432422241213144244314444423411434424314322122344121214322112123131324342113433124313124132143432414233243443423442411111111322321331332121434131343444333413132132343443321434311231422131141332123312431243242224121314424431444442341143442431432212234412,0.2919254658385093
3112314221311413321231324221234142224424144132444234444231434424314322122344121214322112123131324342113433124313124132143432414233243443423442441111111322321331332121434131343444333413132132343443321434311231422131141332123132422123414222442414413244423444423143442431432212234412,0.2919254658385093
3112314221311413321232123222242224314234422121432113312233323143442431432212234412121432211212313132434211343312431312413214343241423324344342344211111413223213313321214341313434443334131321323434433214343112314221311413321232123222242224314234422121432113312233323143442431432212234412,0.2826086956521739
3112314221311413321233124312432422241213144244314444423411434424314322122344121214322112123131324342113433124313124132143432414233243443423442441111111322321331332121434131343444333413132132343443321434311231422131141332123312431243242224121314424431444442341143442431432212234412,0.2795031055900621
3112314221311413321232221432421221132412423314244423421141434424314322122344121214322112123131324342113433124313124132143432414233243443423442141112111322321331332121434131343444333413132132343443321434311231422131141332123222143242122113241242331424442342114143442431432212234412,0.2639751552795031
3112314221311413321232242442442213221433122144234444314421434424314322122344121214322112123131324342113433124313124132143432414233243443423442441111111322321331332121434131343444333413132132343443321434311231422131141332123224244244221322143312214423444431442143442431432212234412,0.2422360248447205
31123142213114133212332332223413132244422142324234114341331434424314322122344121214322112123131324342113433124313124132143432414233243443423442111111113223213313321214341313434443334131321323434433214343112314221311413321233233222341313224442214232423411434133143442431432212234412,0.2391304347826087
31123142213114133212332332223413132244422142324234114341331434424314322122344121214322112123131324342113433124313124132143432414233243443423442411111113223213313321214341313434443334131321323434433214343112314221311413321233233222341313224442214232423411434133143442431432212234412,0.2391304347826087
3112314221311413321232242442442213221433122144234444314421434424314322122344121214322112123131324342113433124313124132143432414233243443423442141112111322321331332121434131343444333413132132343443321434311231422131141332123224244244221322143312214423444431442143442431432212234412,0.2329192546583851
3112314221311413321233222224242241142344234122414444344241434424314322122344121214322112123131324342113433124313124132143432414233243443423442111111111322321331332121434131343444333413132132343443321434311231422131141332123322222424224114234423412241444434424143442431432212234412,0.21739130434782608
3112314221311413321232312224212234413211434113231341323423311143442431432212234412121432211212313132434211343312431312413214343241423324344342344211111413223213313321214341313434443334131321323434433214343112314221311413321232312224212234413211434113231341323423311143442431432212234412,0.20496894409937888
3112314221311413321233222224242241142344234122414444344241434424314322122344121214322112123131324342113433124313124132143432414233243443423442111112111322321331332121434131343444333413132132343443321434311231422131141332123322222424224114234423412241444434424143442431432212234412,0.20496894409937888
31123142213114133212314232243113132144322442424414224423421434424314322122344121214322112123131324342113433124313124132143432414233243443423442111111113223213313321214341313434443334131321323434433214343112314221311413321231423224311313214432244242441422442342143442431432212234412,0.18633540372670807
3112314221311413321233124312432422241213144244314444423411434424314322122344121214322112123131324342113433124313124132143432414233243443423442141141111322321331332121434131343444333413132132343443321434311231422131141332123312431243242224121314424431444442341143442431432212234412,0.18012422360248448
3112314221311413321231324221234142224424144132444234444231434424314322122344121214322112123131324342113433124313124132143432414233243443423442141112111322321331332121434131343444333413132132343443321434311231422131141332123132422123414222442414413244423444423143442431432212234412,0.17391304347826086
3112314221311413321233124312432422241213144244314444423411434424314322122344121214322112123131324342113433124313124132143432414233243443423442141112111322321331332121434131343444333413132132343443321434311231422131141332123312431243242224121314424431444442341143442431432212234412,0.17080745341614906
3112314221311413321232221432421221132412423314244423421141434424314322122344121214322112123131324342113433124313124132143432414233243443423442411111111322321331332121434131343444333413132132343443321434311231422131141332123222143242122113241242331424442342114143442431432212234412,0.17080745341614906
3112314221311413321231324221234142224424144132444234444231434424314322122344121214322112123131324342113433124313124132143432414233243443423442141141111322321331332121434131343444333413132132343443321434311231422131141332123132422123414222442414413244423444423143442431432212234412,0.15838509316770186
31123142213114133212313343122123424424431243244423411443241434424314322122344121214322112123131324342113433124313124132143432414233243443423442411111113223213313321214341313434443334131321323434433214343112314221311413321231334312212342442443124324442341144324143442431432212234412,0.15527950310559005
3112314221311413321232221432421221132412423314244423421141434424314322122344121214322112123131324342113433124313124132143432414233243443423442411112111322321331332121434131343444333413132132343443321434311231422131141332123222143242122113241242331424442342114143442431432212234412,0.15217391304347827
3112314221311413321232242442442213221433122144234444314421434424314322122344121214322112123131324342113433124313124132143432414233243443423442441112111322321331332121434131343444333413132132343443321434311231422131141332123224244244221322143312214423444431442143442431432212234412,0.14906832298136646
31123142213114133212313343122123424424431243244423411443241434424314322122344121214322112123131324342113433124313124132143432414233243443423442111111113223213313321214341313434443334131321323434433214343112314221311413321231334312212342442443124324442341144324143442431432212234412,0.14906832298136646
3112314221311413321232242442442213221433122144234444314421434424314322122344121214322112123131324342113433124313124132143432414233243443423442141142111322321331332121434131343444333413132132343443321434311231422131141332123224244244221322143312214423444431442143442431432212234412,0.14596273291925466
3112314221311413321232242442442213221433122144234444314421434424314322122344121214322112123131324342113433124313124132143432414233243443423442411112111322321331332121434131343444333413132132343443321434311231422131141332123224244244221322143312214423444431442143442431432212234412,0.14285714285714285
3112314221311413321232221432421221132412423314244423421141434424314322122344121214322112123131324342113433124313124132143432414233243443423442141141111322321331332121434131343444333413132132343443321434311231422131141332123222143242122113241242331424442342114143442431432212234412,0.13664596273291926
31123142213114133212314232243113132144322442424414224423421434424314322122344121214322112123131324342113433124313124132143432414233243443423442411111113223213313321214341313434443334131321323434433214343112314221311413321231423224311313214432244242441422442342143442431432212234412,0.13664596273291926
3112314221311413321233222312214424134214422111331343431131123143442431432212234412121432211212313132434211343312431312413214343241423324344342344211411413223213313321214341313434443334131321323434433214343112314221311413321233222312214424134214422111331343431131123143442431432212234412,0.13664596273291926
3112314221311413321233122424432442314334423444241433244441434424314322122344121214322112123131324342113433124313124132143432414233243443423442111111111322321331332121434131343444333413132132343443321434311231422131141332123312242443244231433442344424143324444143442431432212234412,0.13354037267080746
3112314221311413321233222224242241142344234122414444344241434424314322122344121214322112123131324342113433124313124132143432414233243443423442141111111322321331332121434131343444333413132132343443321434311231422131141332123322222424224114234423412241444434424143442431432212234412,0.13354037267080746
3112314221311413321232242442442213221433122144234444314421434424314322122344121214322112123131324342113433124313124132143432414233243443423442141141111322321331332121434131343444333413132132343443321434311231422131141332123224244244221322143312214423444431442143442431432212234412,0.13354037267080746
3112314221311413321232221432421221132412423314244423421141434424314322122344121214322112123131324342113433124313124132143432414233243443423442441112111322321331332121434131343444333413132132343443321434311231422131141332123222143242122113241242331424442342114143442431432212234412,0.13354037267080746
3112314221311413321231324221234142224424144132444234444231434424314322122344121214322112123131324342113433124313124132143432414233243443423442411111111322321331332121434131343444333413132132343443321434311231422131141332123132422123414222442414413244423444423143442431432212234412,0.13354037267080746
31123142213114133212342224224221424124242342244423411132221434424314322122344121214322112123131324342113433124313124132143432414233243443423442111111113223213313321214341313434443334131321323434433214343112314221311413321234222422422142412424234224442341113222143442431432212234412,0.13043478260869565
3112314221311413321233124312432422241213144244314444423411434424314322122344121214322112123131324342113433124313124132143432414233243443423442411112111322321331332121434131343444333413132132343443321434311231422131141332123312431243242224121314424431444442341143442431432212234412,0.13043478260869565
31123142213114133212312244232212422221444244334221423414431434424314322122344121214322112123131324342113433124313124132143432414233243443423442411111113223213313321214341313434443334131321323434433214343112314221311413321231224423221242222144424433422142341443143442431432212234412,0.052795031055900624
3112314221311413321231324221234142224424144132444234444231434424314322122344121214322112123131324342113433124313124132143432414233243443423442441141111322321331332121434131343444333413132132343443321434311231422131141332123132422123414222442414413244423444423143442431432212234412,0.052795031055900624
3112314221311413321231313311322234124444444244342424442341434424314322122344121214322112123131324342113433124313124132143432414233243443423442441111111322321331332121434131343444333413132132343443321434311231422131141332123131331132223412444444424434242444234143442431432212234412,0.052795031055900624
3112314221311413321233222224242241142344234122414444344241434424314322122344121214322112123131324342113433124313124132143432414233243443423442141112111322321331332121434131343444333413132132343443321434311231422131141332123322222424224114234423412241444434424143442431432212234412,0.049689440993788817
31123142213114133212313244224322212114132323314214323422231434424314322122344121214322112123131324342113433124313124132143432414233243443423442111111113223213313321214341313434443334131321323434433214343112314221311413321231324422432221211413232331421432342223143442431432212234412,0.027950310559006212
311231422131141332123224244244221322143312214423444431442143442431432212234412311231422131141332123224244244221322143312214423444431442143442431432212234412,0.027950310559006212
3112314221311413321231324221234142224424144132444234444231434424314322122344121214322112123131324342113433124313124132143432414233243443423442441142141322321331332121434131343444333413132132343443321434311231422131141332123132422123414222442414413244423444423143442431432212234412,0.027950310559006212
3112314221311413321233124312332422241213144244314444423411434424314322122344121214322112123131324342113433124313124132143432414233243443423442111111111322321331332121434131343444333413132132343443321434311231422131141332123312431233242224121314424431444442341143442431432212234412,0.027950310559006212
311231422131141332123132422123414222442414413244423444423143442431432212234412311231422131141332123132422123414222442414413244423444423143442431432212234412,0.027950310559006212
3112314221311413321231324221234142224424144132444234444231434424314322122344121214322112123131324342113433124313124132143432414233243444423442141111111322321331332121434131343444333413132132343443321434311231422131141332123132422123414222442414413244423444423143442431432212234412,0.027950310559006212
31123142213114133212332332223413132244422142324234114341331434424314322122344121214322112123131324342113433124313124132143432414233243443423444411111113223213313321214341313434443334131321323434433214343112314221311413321233233222341313224442214232423411434133143442431432212234412,0.027950310559006212
31123142213114133212322224314222122432141422343422232423411434424314322122344121214322112123131324342113433124313124132143432414233243443423444411111113223213313321214341313434443334131321323434433214343112314221311413321232222431422212243214142234342223242341143442431432212234412,0.027950310559006212
3112314221311413321231324221234142224424144132444234444231434424314322122344121214322112123131324342113433124313124132143432414233243443444442111111111322321331332121434131343444333413132132343443321434311231422131141332123132422123414222442414413244423444423143442431432212234412,0.027950310559006212
3112314221311413321231324221234142224424144132444234444231434424314322122344121214322112123131324342113433124313124132143432414233243443443442441111111322321331332121434131343444333413132132343443321434311231422131141332123132422123414222442414413244423444423143442431432212234412,0.027950310559006212
3112314221311413321234241242412433242144234131242444231441434424314322122344121214322112123131324342113433124313124132143432414233243443423442111111111322321331332121434131343444333413132132343443321434311231422131141332123424124241243324214423413124244423144143442431432212234412,0.027950310559006212
3112314221311413321233124312432422241213144244314444423421434424314322122344121214322112123131324342113433124313124132143432414233243443423442111112111322321331332121434131343444333413132132343443321434311231422131141332123312431243242224121314424431444442342143442431432212234412,0.006211180124223602
3112314221311413321232234244343314423442344414314432112431434424314322122344121214322112123131324342113433124313124132143432414233243443443442111142111322321331332121434131343444333413132132343443321434311231422131141332123223424434331442344234441431443211243143442431432212234412,0.006211180124223602
311231422131141332123212414222133222442341124423442444444143442431432212234412121432211212313132434211343312431312413214343241423324344342344211141141141322321331332121434131343444333413132132343443321434311231422131141332123212414222133222442341124423442444444143442431432212234412,0.006211180124223602
3112314221311413321232221432421221132412423314244423421141434424314322122344121214322112123131324342113433124313124132143432414233243443443442141112141322321331332121434131343444333413132132343443321434311231422131141332123222143242122113241242331424442342114143442431432212234412,0.006211180124223602
3112314221311413321231323221234142224424144132444234444231434424314322122344121214322112123131324342113433124313124132143432414233243443423442141111111322321331332121434131343444333413132132343443321434311231422131141332123132322123414222442414413244423444423143442431432212234412,0.006211180124223602
3112314221311413321231313311322234124444444244342424442341434424314322122344121214322112123131324342113433124313124132143432414233243443423442141141111322321331332121434131343444333413132132343443321434311231422131141332123131331132223412444444424434242444234143442431432212234412,0.018633540372670808
3112314221311413321234331322414311234423441232442244434441434424314322122344121214322112123131324342113433124313124132143432414233243443423442111111111322321331332121434131343444333413132132343443321434311231422131141332123433132241431123442344123244224443444143442431432212234412,0.018633540372670808
31123142213114133212322212322432214424243241332142444234411434424314322122344121214322112123131324342113433124313124132143432414233243443423442111111113223213313321214341313434443334131321323434433214343112314221311413321232221232243221442424324133214244423441143442431432212234412,0.018633540372670808
3112314221311413321232123222242224314234422121432113312233323143442431432212234412121432211212313132434211343312431312413214343241423324344344344211111413223213313321214341313434443334131321323434433214343112314221311413321232123222242224314234422121432113312233323143442431432212234412,0.015527950310559006
31123142213114133212333231324114233321224442243342224423421434424314322122344121214322112123131324342113433124313124132143432414233243443423442111111113223213313321214341313434443334131321323434433214343112314221311413321233323132411423332122444224334222442342143442431432212234412,0.13043478260869565
